what,kind,bundleId,bundleVersion,description,time
activated,workbench,org.eclipse.ui.workbench,3.7.0.I20110519-0100,"",1464080690356
started,bundle,org.eclipse.pde.core,3.7.1.v20110822-2108,"org.eclipse.pde.core",1464080690465
executed,command,org.eclipse.wst.server.ui,1.1.306.v20110823_1704,"org.eclipse.wst.server.launchShortcut.run",1464080690465
opened,editor,org.eclipse.ui.browser,3.3.100.v20110426,"org.eclipse.ui.browser.editor",1464080693056
activated,editor,org.eclipse.ui.browser,3.3.100.v20110426,"org.eclipse.ui.browser.editor",1464080693071
activated,editor,org.eclipse.jst.jsp.ui,1.1.601.v201108151912,"org.eclipse.jst.jsp.core.jspsource.source",1464080700787
closed,editor,org.eclipse.ui.browser,3.3.100.v20110426,"org.eclipse.ui.browser.editor",1464080700787
executed,command,org.eclipse.ui,3.7.0.I20110602-0100,"org.eclipse.ui.file.save",1464080716431
deactivated,workbench,org.eclipse.ui.workbench,3.7.0.I20110519-0100,"",1464080719770
activated,workbench,org.eclipse.ui.workbench,3.7.0.I20110519-0100,"",1464080720940
executed,command,org.eclipse.wst.server.ui,1.1.306.v20110823_1704,"org.eclipse.wst.server.launchShortcut.run",1464080720955
opened,editor,org.eclipse.ui.browser,3.3.100.v20110426,"org.eclipse.ui.browser.editor",1464080721049
activated,editor,org.eclipse.ui.browser,3.3.100.v20110426,"org.eclipse.ui.browser.editor",1464080721080
activated,editor,org.eclipse.jst.jsp.ui,1.1.601.v201108151912,"org.eclipse.jst.jsp.core.jspsource.source",1464080727423
closed,editor,org.eclipse.ui.browser,3.3.100.v20110426,"org.eclipse.ui.browser.editor",1464080727423
executed,command,org.eclipse.ui,3.7.0.I20110602-0100,"org.eclipse.ui.edit.cut",1464080742761
executed,command,org.eclipse.ui,3.7.0.I20110602-0100,"org.eclipse.ui.edit.paste",1464080745632
executed,command,org.eclipse.ui,3.7.0.I20110602-0100,"org.eclipse.ui.file.save",1464080746630
activated,editor,org.eclipse.jst.jsp.ui,1.1.601.v201108151912,"org.eclipse.jst.jsp.core.jspsource.source",1464080750155
deactivated,workbench,org.eclipse.ui.workbench,3.7.0.I20110519-0100,"",1464080752839
activated,workbench,org.eclipse.ui.workbench,3.7.0.I20110519-0100,"",1464080753837
executed,command,org.eclipse.wst.server.ui,1.1.306.v20110823_1704,"org.eclipse.wst.server.launchShortcut.run",1464080753837
opened,editor,org.eclipse.ui.browser,3.3.100.v20110426,"org.eclipse.ui.browser.editor",1464080753977
activated,editor,org.eclipse.ui.browser,3.3.100.v20110426,"org.eclipse.ui.browser.editor",1464080754009
started,bundle,org.eclipse.equinox.p2.garbagecollector,1.0.200.v20110510,"org.eclipse.equinox.p2.garbagecollector",1464080767195
activated,view,org.eclipse.ui.console,3.5.100.v20110511,"org.eclipse.ui.console.ConsoleView",1464080874085
activated,editor,org.eclipse.ui.browser,3.3.100.v20110426,"org.eclipse.ui.browser.editor",1464080879203
closed,view,org.eclipse.ui.console,3.5.100.v20110511,"org.eclipse.ui.console.ConsoleView",1464080879219
activated,view,org.eclipse.ui.navigator.resources,3.4.300.I20110421-1800,"org.eclipse.ui.navigator.ProjectExplorer",1464080958817
deactivated,workbench,org.eclipse.ui.workbench,3.7.0.I20110519-0100,"",1464080961079
activated,workbench,org.eclipse.ui.workbench,3.7.0.I20110519-0100,"",1464080994349
opened,editor,org.eclipse.jst.jsp.ui,1.1.601.v201108151912,"org.eclipse.jst.jsp.core.jspsource.source",1464080994395
activated,editor,org.eclipse.jst.jsp.ui,1.1.601.v201108151912,"org.eclipse.jst.jsp.core.jspsource.source",1464080994442
activated,editor,org.eclipse.jst.jsp.ui,1.1.601.v201108151912,"org.eclipse.jst.jsp.core.jspsource.source",1464081019445
executed,command,org.eclipse.ui,3.7.0.I20110602-0100,"org.eclipse.ui.edit.copy",1464081028648
executed,command,org.eclipse.ui,3.7.0.I20110602-0100,"org.eclipse.ui.edit.paste",1464081031471
executed,command,org.eclipse.ui,3.7.0.I20110602-0100,"org.eclipse.ui.edit.delete",1464081032407
executed,command,org.eclipse.ui,3.7.0.I20110602-0100,"org.eclipse.ui.edit.delete",1464081032625
executed,command,org.eclipse.ui,3.7.0.I20110602-0100,"org.eclipse.ui.edit.delete",1464081032813
executed,command,org.eclipse.ui,3.7.0.I20110602-0100,"org.eclipse.ui.edit.delete",1464081032984
executed,command,org.eclipse.ui,3.7.0.I20110602-0100,"org.eclipse.ui.edit.delete",1464081033156
executed,command,org.eclipse.ui,3.7.0.I20110602-0100,"org.eclipse.ui.edit.copy",1464081040034
executed,command,org.eclipse.ui,3.7.0.I20110602-0100,"org.eclipse.ui.edit.paste",1464081043310
executed,command,org.eclipse.ui,3.7.0.I20110602-0100,"org.eclipse.ui.edit.delete",1464081044433
executed,command,org.eclipse.ui,3.7.0.I20110602-0100,"org.eclipse.ui.file.save",1464081045618
executed,command,org.eclipse.ui,3.7.0.I20110602-0100,"org.eclipse.ui.edit.cut",1464081059344
executed,command,org.eclipse.ui,3.7.0.I20110602-0100,"org.eclipse.ui.edit.paste",1464081061107
executed,command,org.eclipse.ui,3.7.0.I20110602-0100,"org.eclipse.ui.edit.copy",1464081064538
activated,editor,org.eclipse.jst.jsp.ui,1.1.601.v201108151912,"org.eclipse.jst.jsp.core.jspsource.source",1464081065880
activated,editor,org.eclipse.jst.jsp.ui,1.1.601.v201108151912,"org.eclipse.jst.jsp.core.jspsource.source",1464081071900
executed,command,org.eclipse.ui,3.7.0.I20110602-0100,"org.eclipse.ui.edit.paste",1464081074006
executed,command,org.eclipse.ui,3.7.0.I20110602-0100,"org.eclipse.ui.file.save",1464081075815
activated,editor,org.eclipse.jst.jsp.ui,1.1.601.v201108151912,"org.eclipse.jst.jsp.core.jspsource.source",1464081077594
executed,command,org.eclipse.ui,3.7.0.I20110602-0100,"org.eclipse.ui.edit.copy",1464081087623
activated,editor,org.eclipse.jst.jsp.ui,1.1.601.v201108151912,"org.eclipse.jst.jsp.core.jspsource.source",1464081088855
activated,editor,org.eclipse.jst.jsp.ui,1.1.601.v201108151912,"org.eclipse.jst.jsp.core.jspsource.source",1464081091257
executed,command,org.eclipse.ui,3.7.0.I20110602-0100,"org.eclipse.ui.edit.copy",1464081102581
activated,editor,org.eclipse.jst.jsp.ui,1.1.601.v201108151912,"org.eclipse.jst.jsp.core.jspsource.source",1464081103611
executed,command,org.eclipse.ui,3.7.0.I20110602-0100,"org.eclipse.ui.edit.paste",1464081105779
deactivated,workbench,org.eclipse.ui.workbench,3.7.0.I20110519-0100,"",1464081114045
activated,workbench,org.eclipse.ui.workbench,3.7.0.I20110519-0100,"",1464081115137
deactivated,workbench,org.eclipse.ui.workbench,3.7.0.I20110519-0100,"",1464081115480
activated,workbench,org.eclipse.ui.workbench,3.7.0.I20110519-0100,"",1464081116806
executed,command,org.eclipse.wst.server.ui,1.1.306.v20110823_1704,"org.eclipse.wst.server.launchShortcut.run",1464081116822
opened,view,org.eclipse.ui.console,3.5.100.v20110511,"org.eclipse.ui.console.ConsoleView",1464081117602
opened,editor,org.eclipse.ui.browser,3.3.100.v20110426,"org.eclipse.ui.browser.editor",1464081119507
activated,editor,org.eclipse.ui.browser,3.3.100.v20110426,"org.eclipse.ui.browser.editor",1464081119538
activated,editor,org.eclipse.jst.jsp.ui,1.1.601.v201108151912,"org.eclipse.jst.jsp.core.jspsource.source",1464081124464
closed,editor,org.eclipse.ui.browser,3.3.100.v20110426,"org.eclipse.ui.browser.editor",1464081124464
executed,command,org.eclipse.ui,3.7.0.I20110602-0100,"org.eclipse.ui.edit.delete",1464081136525
executed,command,org.eclipse.ui,3.7.0.I20110602-0100,"org.eclipse.ui.file.save",1464081138818
deactivated,workbench,org.eclipse.ui.workbench,3.7.0.I20110519-0100,"",1464081141095
activated,workbench,org.eclipse.ui.workbench,3.7.0.I20110519-0100,"",1464081142795
executed,command,org.eclipse.wst.server.ui,1.1.306.v20110823_1704,"org.eclipse.wst.server.launchShortcut.run",1464081142811
opened,editor,org.eclipse.ui.browser,3.3.100.v20110426,"org.eclipse.ui.browser.editor",1464081142873
activated,editor,org.eclipse.ui.browser,3.3.100.v20110426,"org.eclipse.ui.browser.editor",1464081142904
activated,editor,org.eclipse.jst.jsp.ui,1.1.601.v201108151912,"org.eclipse.jst.jsp.core.jspsource.source",1464081148253
closed,editor,org.eclipse.ui.browser,3.3.100.v20110426,"org.eclipse.ui.browser.editor",1464081148253
activated,view,org.eclipse.ui.navigator.resources,3.4.300.I20110421-1800,"org.eclipse.ui.navigator.ProjectExplorer",1464081153627
opened,editor,org.eclipse.jst.jsp.ui,1.1.601.v201108151912,"org.eclipse.jst.jsp.core.jspsource.source",1464081153876
activated,editor,org.eclipse.jst.jsp.ui,1.1.601.v201108151912,"org.eclipse.jst.jsp.core.jspsource.source",1464081153908
activated,editor,org.eclipse.jst.jsp.ui,1.1.601.v201108151912,"org.eclipse.jst.jsp.core.jspsource.source",1464081166807
activated,editor,org.eclipse.jst.jsp.ui,1.1.601.v201108151912,"org.eclipse.jst.jsp.core.jspsource.source",1464081167899
executed,command,org.eclipse.ui,3.7.0.I20110602-0100,"org.eclipse.ui.edit.copy",1464081177055
activated,editor,org.eclipse.jst.jsp.ui,1.1.601.v201108151912,"org.eclipse.jst.jsp.core.jspsource.source",1464081178084
executed,command,org.eclipse.ui,3.7.0.I20110602-0100,"org.eclipse.ui.edit.paste",1464081180985
activated,view,org.eclipse.ui.console,3.5.100.v20110511,"org.eclipse.ui.console.ConsoleView",1464081194727
activated,editor,org.eclipse.jst.jsp.ui,1.1.601.v201108151912,"org.eclipse.jst.jsp.core.jspsource.source",1464081196241
closed,view,org.eclipse.ui.console,3.5.100.v20110511,"org.eclipse.ui.console.ConsoleView",1464081196256
executed,command,org.eclipse.ui,3.7.0.I20110602-0100,"org.eclipse.ui.edit.delete",1464081216970
executed,command,org.eclipse.ui,3.7.0.I20110602-0100,"org.eclipse.ui.edit.delete",1464081217173
executed,command,org.eclipse.ui,3.7.0.I20110602-0100,"org.eclipse.ui.edit.delete",1464081217344
executed,command,org.eclipse.ui,3.7.0.I20110602-0100,"org.eclipse.ui.edit.delete",1464081217500
executed,command,org.eclipse.ui,3.7.0.I20110602-0100,"org.eclipse.ui.edit.delete",1464081217656
executed,command,org.eclipse.ui,3.7.0.I20110602-0100,"org.eclipse.ui.edit.delete",1464081217812
executed,command,org.eclipse.ui,3.7.0.I20110602-0100,"org.eclipse.ui.edit.delete",1464081217968
executed,command,org.eclipse.ui,3.7.0.I20110602-0100,"org.eclipse.ui.edit.delete",1464081218124
executed,command,org.eclipse.ui,3.7.0.I20110602-0100,"org.eclipse.ui.edit.delete",1464081218312
executed,command,org.eclipse.ui,3.7.0.I20110602-0100,"org.eclipse.ui.edit.delete",1464081218483
executed,command,org.eclipse.ui,3.7.0.I20110602-0100,"org.eclipse.ui.edit.delete",1464081218623
executed,command,org.eclipse.ui,3.7.0.I20110602-0100,"org.eclipse.ui.edit.delete",1464081218826
executed,command,org.eclipse.ui,3.7.0.I20110602-0100,"org.eclipse.ui.edit.delete",1464081218998
executed,command,org.eclipse.ui,3.7.0.I20110602-0100,"org.eclipse.ui.edit.delete",1464081219185
executed,command,org.eclipse.ui,3.7.0.I20110602-0100,"org.eclipse.ui.edit.delete",1464081219341
executed,command,org.eclipse.ui,3.7.0.I20110602-0100,"org.eclipse.ui.edit.delete",1464081219528
executed,command,org.eclipse.ui,3.7.0.I20110602-0100,"org.eclipse.ui.edit.delete",1464081219700
executed,command,org.eclipse.ui,3.7.0.I20110602-0100,"org.eclipse.ui.edit.delete",1464081219887
executed,command,org.eclipse.ui,3.7.0.I20110602-0100,"org.eclipse.ui.edit.delete",1464081220885
executed,command,org.eclipse.ui,3.7.0.I20110602-0100,"org.eclipse.ui.edit.delete",1464081235921
executed,command,org.eclipse.ui,3.7.0.I20110602-0100,"org.eclipse.ui.edit.delete",1464081236171
executed,command,org.eclipse.ui,3.7.0.I20110602-0100,"org.eclipse.ui.edit.delete",1464081236405
executed,command,org.eclipse.ui,3.7.0.I20110602-0100,"org.eclipse.ui.edit.delete",1464081236608
executed,command,org.eclipse.ui,3.7.0.I20110602-0100,"org.eclipse.ui.edit.delete",1464081236795
executed,command,org.eclipse.ui,3.7.0.I20110602-0100,"org.eclipse.ui.edit.delete",1464081236998
executed,command,org.eclipse.ui,3.7.0.I20110602-0100,"org.eclipse.ui.edit.delete",1464081249242
executed,command,org.eclipse.ui,3.7.0.I20110602-0100,"org.eclipse.ui.edit.delete",1464081249445
executed,command,org.eclipse.ui,3.7.0.I20110602-0100,"org.eclipse.ui.edit.delete",1464081249585
executed,command,org.eclipse.ui,3.7.0.I20110602-0100,"org.eclipse.ui.edit.delete",1464081249773
executed,command,org.eclipse.ui,3.7.0.I20110602-0100,"org.eclipse.ui.edit.delete",1464081249913
executed,command,org.eclipse.ui,3.7.0.I20110602-0100,"org.eclipse.ui.edit.delete",1464081250085
executed,command,org.eclipse.ui,3.7.0.I20110602-0100,"org.eclipse.ui.edit.delete",1464081250272
executed,command,org.eclipse.ui,3.7.0.I20110602-0100,"org.eclipse.ui.edit.delete",1464081250412
executed,command,org.eclipse.ui,3.7.0.I20110602-0100,"org.eclipse.ui.edit.delete",1464081250584
executed,command,org.eclipse.ui,3.7.0.I20110602-0100,"org.eclipse.ui.edit.delete",1464081250740
executed,command,org.eclipse.ui,3.7.0.I20110602-0100,"org.eclipse.ui.edit.delete",1464081250911
executed,command,org.eclipse.ui,3.7.0.I20110602-0100,"org.eclipse.ui.edit.delete",1464081301390
executed,command,org.eclipse.ui,3.7.0.I20110602-0100,"org.eclipse.ui.edit.copy",1464081306257
executed,command,org.eclipse.ui,3.7.0.I20110602-0100,"org.eclipse.ui.edit.paste",1464081308518
executed,command,org.eclipse.ui,3.7.0.I20110602-0100,"org.eclipse.ui.edit.copy",1464081327253
executed,command,org.eclipse.ui,3.7.0.I20110602-0100,"org.eclipse.ui.edit.delete",1464081329218
executed,command,org.eclipse.ui,3.7.0.I20110602-0100,"org.eclipse.ui.edit.delete",1464081329421
executed,command,org.eclipse.ui,3.7.0.I20110602-0100,"org.eclipse.ui.edit.delete",1464081329686
executed,command,org.eclipse.ui,3.7.0.I20110602-0100,"org.eclipse.ui.edit.delete",1464081329951
executed,command,org.eclipse.ui,3.7.0.I20110602-0100,"org.eclipse.ui.edit.paste",1464081331184
executed,command,org.eclipse.ui,3.7.0.I20110602-0100,"org.eclipse.ui.file.save",1464081334787
executed,command,org.eclipse.ui,3.7.0.I20110602-0100,"org.eclipse.ui.edit.delete",1464081342509
executed,command,org.eclipse.ui,3.7.0.I20110602-0100,"org.eclipse.ui.edit.copy",1464081345582
executed,command,org.eclipse.ui,3.7.0.I20110602-0100,"org.eclipse.ui.edit.paste",1464081349903
executed,command,org.eclipse.ui,3.7.0.I20110602-0100,"org.eclipse.ui.edit.delete",1464081365314
executed,command,org.eclipse.ui,3.7.0.I20110602-0100,"org.eclipse.ui.edit.copy",1464081385016
executed,command,org.eclipse.ui,3.7.0.I20110602-0100,"org.eclipse.ui.edit.delete",1464081388276
executed,command,org.eclipse.ui,3.7.0.I20110602-0100,"org.eclipse.ui.edit.delete",1464081388448
executed,command,org.eclipse.ui,3.7.0.I20110602-0100,"org.eclipse.ui.edit.delete",1464081388588
executed,command,org.eclipse.ui,3.7.0.I20110602-0100,"org.eclipse.ui.edit.delete",1464081388728
executed,command,org.eclipse.ui,3.7.0.I20110602-0100,"org.eclipse.ui.edit.delete",1464081388884
executed,command,org.eclipse.ui,3.7.0.I20110602-0100,"org.eclipse.ui.edit.delete",1464081389009
executed,command,org.eclipse.ui,3.7.0.I20110602-0100,"org.eclipse.ui.edit.delete",1464081389134
executed,command,org.eclipse.ui,3.7.0.I20110602-0100,"org.eclipse.ui.edit.delete",1464081389290
executed,command,org.eclipse.ui,3.7.0.I20110602-0100,"org.eclipse.ui.edit.paste",1464081390663
executed,command,org.eclipse.ui,3.7.0.I20110602-0100,"org.eclipse.ui.file.save",1464081396388
executed,command,org.eclipse.ui,3.7.0.I20110602-0100,"org.eclipse.ui.edit.delete",1464081412782
executed,command,org.eclipse.ui,3.7.0.I20110602-0100,"org.eclipse.ui.edit.delete",1464081414826
executed,command,org.eclipse.ui,3.7.0.I20110602-0100,"org.eclipse.ui.edit.delete",1464081415028
executed,command,org.eclipse.ui,3.7.0.I20110602-0100,"org.eclipse.ui.edit.delete",1464081415184
executed,command,org.eclipse.ui,3.7.0.I20110602-0100,"org.eclipse.ui.edit.delete",1464081415356
executed,command,org.eclipse.ui,3.7.0.I20110602-0100,"org.eclipse.ui.edit.delete",1464081415528
executed,command,org.eclipse.ui,3.7.0.I20110602-0100,"org.eclipse.ui.edit.delete",1464081415684
executed,command,org.eclipse.ui,3.7.0.I20110602-0100,"org.eclipse.ui.edit.delete",1464081415855
executed,command,org.eclipse.ui,3.7.0.I20110602-0100,"org.eclipse.ui.edit.delete",1464081416027
executed,command,org.eclipse.ui,3.7.0.I20110602-0100,"org.eclipse.ui.edit.delete",1464081416183
executed,command,org.eclipse.ui,3.7.0.I20110602-0100,"org.eclipse.ui.edit.delete",1464081416339
executed,command,org.eclipse.ui,3.7.0.I20110602-0100,"org.eclipse.ui.edit.delete",1464081416510
executed,command,org.eclipse.ui,3.7.0.I20110602-0100,"org.eclipse.ui.edit.delete",1464081416651
executed,command,org.eclipse.ui,3.7.0.I20110602-0100,"org.eclipse.ui.edit.delete",1464081416807
executed,command,org.eclipse.ui,3.7.0.I20110602-0100,"org.eclipse.ui.edit.delete",1464081417197
executed,command,org.eclipse.ui,3.7.0.I20110602-0100,"org.eclipse.ui.edit.delete",1464081417368
executed,command,org.eclipse.ui,3.7.0.I20110602-0100,"org.eclipse.ui.edit.delete",1464081417540
executed,command,org.eclipse.ui,3.7.0.I20110602-0100,"org.eclipse.ui.file.save",1464081423202
deactivated,workbench,org.eclipse.ui.workbench,3.7.0.I20110519-0100,"",1464081426416
activated,workbench,org.eclipse.ui.workbench,3.7.0.I20110519-0100,"",1464081427960
executed,command,org.eclipse.wst.server.ui,1.1.306.v20110823_1704,"org.eclipse.wst.server.launchShortcut.run",1464081427976
opened,view,org.eclipse.ui.console,3.5.100.v20110511,"org.eclipse.ui.console.ConsoleView",1464081428646
opened,editor,org.eclipse.ui.browser,3.3.100.v20110426,"org.eclipse.ui.browser.editor",1464081430582
activated,editor,org.eclipse.ui.browser,3.3.100.v20110426,"org.eclipse.ui.browser.editor",1464081430597
activated,editor,org.eclipse.jst.jsp.ui,1.1.601.v201108151912,"org.eclipse.jst.jsp.core.jspsource.source",1464081469009
closed,editor,org.eclipse.ui.browser,3.3.100.v20110426,"org.eclipse.ui.browser.editor",1464081469009
deactivated,workbench,org.eclipse.ui.workbench,3.7.0.I20110519-0100,"",1464081469813
activated,workbench,org.eclipse.ui.workbench,3.7.0.I20110519-0100,"",1464081471389
activated,view,org.eclipse.ui.console,3.5.100.v20110511,"org.eclipse.ui.console.ConsoleView",1464081473791
activated,editor,org.eclipse.jst.jsp.ui,1.1.601.v201108151912,"org.eclipse.jst.jsp.core.jspsource.source",1464081488675
closed,view,org.eclipse.ui.console,3.5.100.v20110511,"org.eclipse.ui.console.ConsoleView",1464081488690
deactivated,workbench,org.eclipse.ui.workbench,3.7.0.I20110519-0100,"",1464081732774
activated,workbench,org.eclipse.ui.workbench,3.7.0.I20110519-0100,"",1464081885627
deactivated,workbench,org.eclipse.ui.workbench,3.7.0.I20110519-0100,"",1464083960257
activated,workbench,org.eclipse.ui.workbench,3.7.0.I20110519-0100,"",1464084203945
deactivated,workbench,org.eclipse.ui.workbench,3.7.0.I20110519-0100,"",1464084205204
activated,workbench,org.eclipse.ui.workbench,3.7.0.I20110519-0100,"",1464084206713
opened,view,org.eclipse.jdt.ui,3.7.1.r371_v20110824-0800,"org.eclipse.jdt.ui.PackageExplorer",1464084212590
opened,view,org.eclipse.ui.ide,3.7.0.v20110809-1737,"org.eclipse.ui.views.ProblemView",1464084212999
opened,view,org.eclipse.ui.views,3.6.0.I20110412-0800,"org.eclipse.ui.views.ContentOutline",1464084213057
opened,view,org.eclipse.mylyn.tasks.ui,3.6.2.v20110826-0100,"org.eclipse.mylyn.tasks.ui.views.tasks",1464084213547
activated,perspective,org.eclipse.jdt.ui,3.7.1.r371_v20110824-0800,"org.eclipse.jdt.ui.JavaPerspective",1464084213589
executed,command,org.eclipse.ui,3.7.0.I20110602-0100,"org.eclipse.ui.perspectives.showPerspective",1464084213625
executed,command,org.eclipse.jdt.ui,3.7.1.r371_v20110824-0800,"org.eclipse.jdt.ui.JavaPerspective",1464084213626
deactivated,workbench,org.eclipse.ui.workbench,3.7.0.I20110519-0100,"",1464084216553
activated,workbench,org.eclipse.ui.workbench,3.7.0.I20110519-0100,"",1464084234405
executed,command,org.eclipse.ui,3.7.0.I20110602-0100,"org.eclipse.ui.file.import",1464084234412
deactivated,workbench,org.eclipse.ui.workbench,3.7.0.I20110519-0100,"",1464084235216
activated,workbench,org.eclipse.ui.workbench,3.7.0.I20110519-0100,"",1464084242709
deactivated,workbench,org.eclipse.ui.workbench,3.7.0.I20110519-0100,"",1464084244095
activated,workbench,org.eclipse.ui.workbench,3.7.0.I20110519-0100,"",1464084250748
deactivated,workbench,org.eclipse.ui.workbench,3.7.0.I20110519-0100,"",1464084253175
activated,workbench,org.eclipse.ui.workbench,3.7.0.I20110519-0100,"",1464084278273
executed,command,org.eclipse.ui,3.7.0.I20110602-0100,"org.eclipse.ui.file.import",1464084278282
deactivated,workbench,org.eclipse.ui.workbench,3.7.0.I20110519-0100,"",1464084286106
activated,workbench,org.eclipse.ui.workbench,3.7.0.I20110519-0100,"",1464084306766
activated,view,org.eclipse.jdt.ui,3.7.1.r371_v20110824-0800,"org.eclipse.jdt.ui.PackageExplorer",1464084308285
deactivated,workbench,org.eclipse.ui.workbench,3.7.0.I20110519-0100,"",1464084311141
activated,workbench,org.eclipse.ui.workbench,3.7.0.I20110519-0100,"",1464084317976
deactivated,workbench,org.eclipse.ui.workbench,3.7.0.I20110519-0100,"",1464084320697
activated,workbench,org.eclipse.ui.workbench,3.7.0.I20110519-0100,"",1464084321625
executed,command,org.eclipse.ui,3.7.0.I20110602-0100,"org.eclipse.ui.edit.paste",1464084321627
opened,editor,org.eclipse.jdt.ui,3.7.1.r371_v20110824-0800,"org.eclipse.jdt.ui.CompilationUnitEditor",1464084331974
activated,editor,org.eclipse.jdt.ui,3.7.1.r371_v20110824-0800,"org.eclipse.jdt.ui.CompilationUnitEditor",1464084332088
executed,command,org.eclipse.jdt.debug.ui,3.6.1.v20110803_r371,"org.eclipse.jdt.debug.ui.localJavaShortcut.run",1464084337086
deactivated,workbench,org.eclipse.ui.workbench,3.7.0.I20110519-0100,"",1464084339531
opened,view,org.eclipse.ui.console,3.5.100.v20110511,"org.eclipse.ui.console.ConsoleView",1464084352881
activated,workbench,org.eclipse.ui.workbench,3.7.0.I20110519-0100,"",1464084378931
activated,view,org.eclipse.jdt.ui,3.7.1.r371_v20110824-0800,"org.eclipse.jdt.ui.PackageExplorer",1464084398492
opened,editor,org.eclipse.jdt.ui,3.7.1.r371_v20110824-0800,"org.eclipse.jdt.ui.CompilationUnitEditor",1464084398712
activated,editor,org.eclipse.jdt.ui,3.7.1.r371_v20110824-0800,"org.eclipse.jdt.ui.CompilationUnitEditor",1464084398824
executed,command,org.eclipse.jdt.debug.ui,3.6.1.v20110803_r371,"org.eclipse.jdt.debug.ui.localJavaShortcut.run",1464084401889
deactivated,workbench,org.eclipse.ui.workbench,3.7.0.I20110519-0100,"",1464084402355
activated,workbench,org.eclipse.ui.workbench,3.7.0.I20110519-0100,"",1464084445900
activated,view,org.eclipse.jdt.ui,3.7.1.r371_v20110824-0800,"org.eclipse.jdt.ui.PackageExplorer",1464084447578
opened,editor,org.eclipse.jdt.ui,3.7.1.r371_v20110824-0800,"org.eclipse.jdt.ui.CompilationUnitEditor",1464084447816
activated,editor,org.eclipse.jdt.ui,3.7.1.r371_v20110824-0800,"org.eclipse.jdt.ui.CompilationUnitEditor",1464084447937
executed,command,org.eclipse.jdt.debug.ui,3.6.1.v20110803_r371,"org.eclipse.jdt.debug.ui.localJavaShortcut.run",1464084450203
deactivated,workbench,org.eclipse.ui.workbench,3.7.0.I20110519-0100,"",1464084450546
activated,workbench,org.eclipse.ui.workbench,3.7.0.I20110519-0100,"",1464084451899
deactivated,workbench,org.eclipse.ui.workbench,3.7.0.I20110519-0100,"",1464084451919
activated,workbench,org.eclipse.ui.workbench,3.7.0.I20110519-0100,"",1464084458084
activated,view,org.eclipse.jdt.ui,3.7.1.r371_v20110824-0800,"org.eclipse.jdt.ui.PackageExplorer",1464084460380
opened,editor,org.eclipse.jdt.ui,3.7.1.r371_v20110824-0800,"org.eclipse.jdt.ui.CompilationUnitEditor",1464084460625
activated,editor,org.eclipse.jdt.ui,3.7.1.r371_v20110824-0800,"org.eclipse.jdt.ui.CompilationUnitEditor",1464084460801
executed,command,org.eclipse.jdt.debug.ui,3.6.1.v20110803_r371,"org.eclipse.jdt.debug.ui.localJavaShortcut.run",1464084464249
deactivated,workbench,org.eclipse.ui.workbench,3.7.0.I20110519-0100,"",1464084464915
activated,workbench,org.eclipse.ui.workbench,3.7.0.I20110519-0100,"",1464084484123
activated,view,org.eclipse.jdt.ui,3.7.1.r371_v20110824-0800,"org.eclipse.jdt.ui.PackageExplorer",1464084487068
opened,editor,org.eclipse.jdt.ui,3.7.1.r371_v20110824-0800,"org.eclipse.jdt.ui.CompilationUnitEditor",1464084487312
activated,editor,org.eclipse.jdt.ui,3.7.1.r371_v20110824-0800,"org.eclipse.jdt.ui.CompilationUnitEditor",1464084487510
deactivated,workbench,org.eclipse.ui.workbench,3.7.0.I20110519-0100,"",1464084489884
activated,workbench,org.eclipse.ui.workbench,3.7.0.I20110519-0100,"",1464084489897
executed,command,org.eclipse.jdt.debug.ui,3.6.1.v20110803_r371,"org.eclipse.jdt.debug.ui.localJavaShortcut.run",1464084491941
deactivated,workbench,org.eclipse.ui.workbench,3.7.0.I20110519-0100,"",1464084492551
activated,workbench,org.eclipse.ui.workbench,3.7.0.I20110519-0100,"",1464084497513
activated,view,org.eclipse.jdt.ui,3.7.1.r371_v20110824-0800,"org.eclipse.jdt.ui.PackageExplorer",1464084499477
opened,editor,org.eclipse.jdt.ui,3.7.1.r371_v20110824-0800,"org.eclipse.jdt.ui.CompilationUnitEditor",1464084499759
activated,editor,org.eclipse.jdt.ui,3.7.1.r371_v20110824-0800,"org.eclipse.jdt.ui.CompilationUnitEditor",1464084500024
activated,view,org.eclipse.jdt.ui,3.7.1.r371_v20110824-0800,"org.eclipse.jdt.ui.PackageExplorer",1464084504398
activated,editor,org.eclipse.jdt.ui,3.7.1.r371_v20110824-0800,"org.eclipse.jdt.ui.CompilationUnitEditor",1464084504700
executed,command,org.eclipse.jdt.debug.ui,3.6.1.v20110803_r371,"org.eclipse.jdt.debug.ui.localJavaShortcut.run",1464084507211
deactivated,workbench,org.eclipse.ui.workbench,3.7.0.I20110519-0100,"",1464084507845
activated,workbench,org.eclipse.ui.workbench,3.7.0.I20110519-0100,"",1464084514053
activated,editor,org.eclipse.jdt.ui,3.7.1.r371_v20110824-0800,"org.eclipse.jdt.ui.CompilationUnitEditor",1464084543599
closed,editor,org.eclipse.jdt.ui,3.7.1.r371_v20110824-0800,"org.eclipse.jdt.ui.CompilationUnitEditor",1464084543599
closed,editor,org.eclipse.jdt.ui,3.7.1.r371_v20110824-0800,"org.eclipse.jdt.ui.CompilationUnitEditor",1464084544779
closed,editor,org.eclipse.jdt.ui,3.7.1.r371_v20110824-0800,"org.eclipse.jdt.ui.CompilationUnitEditor",1464084550807
deactivated,workbench,org.eclipse.ui.workbench,3.7.0.I20110519-0100,"",1464084552191
activated,workbench,org.eclipse.ui.workbench,3.7.0.I20110519-0100,"",1464084553816
closed,editor,org.eclipse.jst.jsp.ui,1.1.601.v201108151912,"org.eclipse.jst.jsp.core.jspsource.source",1464084553877
closed,editor,org.eclipse.jst.jsp.ui,1.1.601.v201108151912,"org.eclipse.jst.jsp.core.jspsource.source",1464084554704
closed,editor,org.eclipse.jst.jsp.ui,1.1.601.v201108151912,"org.eclipse.jst.jsp.core.jspsource.source",1464084555905
closed,editor,org.eclipse.jst.jsp.ui,1.1.601.v201108151912,"org.eclipse.jst.jsp.core.jspsource.source",1464084556984
closed,editor,org.eclipse.ui.browser,3.3.100.v20110426,"org.eclipse.ui.browser.editor",1464084558185
closed,editor,org.eclipse.jdt.ui,3.7.1.r371_v20110824-0800,"org.eclipse.jdt.ui.CompilationUnitEditor",1464084559055
closed,editor,org.eclipse.jdt.ui,3.7.1.r371_v20110824-0800,"org.eclipse.jdt.ui.CompilationUnitEditor",1464084559724
closed,editor,org.eclipse.jst.jsp.ui,1.1.601.v201108151912,"org.eclipse.jst.jsp.core.jspsource.source",1464084560594
closed,editor,org.eclipse.jdt.ui,3.7.1.r371_v20110824-0800,"org.eclipse.jdt.ui.CompilationUnitEditor",1464084561455
closed,editor,org.eclipse.jdt.ui,3.7.1.r371_v20110824-0800,"org.eclipse.jdt.ui.CompilationUnitEditor",1464084562538
activated,view,org.eclipse.jdt.ui,3.7.1.r371_v20110824-0800,"org.eclipse.jdt.ui.PackageExplorer",1464084563448
closed,editor,org.eclipse.jdt.ui,3.7.1.r371_v20110824-0800,"org.eclipse.jdt.ui.CompilationUnitEditor",1464084563448
deactivated,workbench,org.eclipse.ui.workbench,3.7.0.I20110519-0100,"",1464084568336
activated,workbench,org.eclipse.ui.workbench,3.7.0.I20110519-0100,"",1464084570981
executed,command,org.eclipse.ltk.ui.refactoring,3.6.0.v20110505-0800,"org.eclipse.ltk.ui.refactoring.commands.deleteResources",1464084571004
